"pickup_zone_clean","total_orders","delivery_records","bad_outcomes","complaints","avg_completion_hours","avg_cost_per_km","avg_rating","avg_manual_overrides","bad_outcome_rate","complaint_rate","bad_outcome_pct","complaint_pct"
"Central",238,174,84,56,11.2451576843583,1.32396264620843,3.54603550295858,1.29310344827586,0.482758620689655,0.235294117647059,48.3,23.5
"Airport",144,113,43,28,9.64865599161111,0.616088207955292,3.98403669724771,1.80530973451327,0.380530973451327,0.194444444444444,38.1,19.4
"Riverside",151,119,43,39,10.7563599992247,1.41790007914514,3.86449152542373,0.73109243697479,0.361344537815126,0.258278145695364,36.1,25.8
"East",207,156,50,46,10.4281826518769,1.35927225804428,3.91207792207792,0.788461538461538,0.320512820512821,0.222222222222222,32.1,22.2
"North",174,135,43,50,9.78567043384921,1.33807529669134,3.89666666666667,0.696296296296296,0.318518518518519,0.28735632183908,31.9,28.7
"West",155,114,35,26,10.1608269091389,1.24810425609576,3.89631578947368,0.807017543859649,0.307017543859649,0.167741935483871,30.7,16.8
"South",181,139,36,40,9.84831390153898,1.40209135855761,4.05182481751825,0.690647482014389,0.258992805755396,0.220994475138122,25.9,22.1
