pickup_zone_clean,total_orders,delivery_records,bad_outcomes,complaints,avg_completion_hours,avg_cost_per_km,avg_rating,avg_manual_overrides,bad_outcome_rate,complaint_rate
Central,238,174,84.0,56,11.245157684358299,1.323962646208431,3.5460355029585795,1.293103448275862,0.4827586206896552,0.23529411764705882
Airport,144,113,43.0,28,9.648655991611111,0.6160882079552921,3.9840366972477064,1.8053097345132743,0.3805309734513274,0.19444444444444445
Riverside,151,119,43.0,39,10.756359999224747,1.417900079145139,3.8644915254237286,0.7310924369747899,0.36134453781512604,0.2582781456953642
East,207,156,50.0,46,10.428182651876929,1.3592722580442798,3.9120779220779225,0.7884615384615384,0.32051282051282054,0.2222222222222222
North,174,135,43.0,50,9.785670433849207,1.3380752966913418,3.8966666666666665,0.6962962962962963,0.31851851851851853,0.28735632183908044
West,155,114,35.0,26,10.160826909138889,1.2481042560957631,3.896315789473684,0.8070175438596491,0.30701754385964913,0.16774193548387098
South,181,139,36.0,40,9.848313901538978,1.4020913585576114,4.0518248175182485,0.6906474820143885,0.2589928057553957,0.22099447513812154
