pickup_zone,delivery_records,bad_outcomes,complaint_cases,avg_rating,avg_completion_hours,bad_outcome_pct,complaint_pct
Central,174,84,37,3.5460355029585795,11.245157684358299,48.3,21.3
Airport,113,43,23,3.9840366972477064,9.648655991611111,38.1,20.4
Riverside,119,43,31,3.8644915254237286,10.756359999224747,36.1,26.1
East,156,50,35,3.9120779220779225,10.428182651876929,32.1,22.4
North,135,43,34,3.8966666666666665,9.785670433849207,31.9,25.2
West,114,35,17,3.896315789473684,10.160826909138889,30.7,14.9
South,139,36,32,4.0518248175182485,9.848313901538978,25.9,23.0
