pickup_zone_clean,total_orders,delivery_records,bad_outcomes,complaints,avg_completion_hours,avg_cost_per_km,avg_rating,avg_manual_overrides,bad_outcome_rate,complaint_rate,bad_outcome_norm,complaint_norm,cost_norm,low_rating_norm,risk_score
Central,238,174,84.0,56,11.2451576843583,1.323962646208431,3.5460355029585795,1.293103448275862,0.4827586206896552,0.2352941176470588,1.0,0.564749644433099,0.8828435493262158,1.0,0.868
Riverside,151,119,43.0,39,10.756359999224747,1.417900079145139,3.8644915254237286,0.7310924369747899,0.361344537815126,0.2582781456953642,0.4574055786394377,0.7569006786745118,1.0,0.37037811338028925,0.628
North,174,135,43.0,50,9.785670433849209,1.3380752966913418,3.8966666666666665,0.6962962962962963,0.3185185185185185,0.2873563218390804,0.26601790260326824,1.0,0.9004444991125644,0.3067643905974168,0.583
East,207,156,50.0,46,10.428182651876927,1.3592722580442798,3.9120779220779225,0.7884615384615384,0.3205128205128205,0.2222222222222222,0.27493035419864675,0.45546600537301146,0.9268808267781585,0.276294677284725,0.451
South,181,139,36.0,40,9.848313901538978,1.4020913585576114,4.0518248175182485,0.6906474820143885,0.2589928057553957,0.2209944751381215,0.0,0.4452017961795223,0.9802837533895971,0.0,0.307
Airport,144,113,43.0,28,9.648655991611111,0.6160882079552921,3.9840366972477055,1.8053097345132745,0.3805309734513274,0.1944444444444444,0.5431489511998899,0.22323827237032462,0.0,0.13402442147192872,0.293
West,155,114,35.0,26,10.160826909138889,1.2481042560957631,3.896315789473684,0.8070175438596491,0.3070175438596491,0.1677419354838709,0.21462053137277762,0.0,0.7882348351896964,0.307458112633217,0.29
