service_type,total_orders,delivery_records,bad_outcomes,complaints,avg_rating,avg_cost_per_km,avg_completion_hrs,bad_outcome_rate,complaint_rate
Business,165,126,53.0,34,3.84728,1.235124862464762,10.051439013903508,0.42063492063492064,0.20606060606060606
Medical,139,108,38.0,33,3.8376851851851854,1.4083322027110854,11.011133136105324,0.35185185185185186,0.23741007194244604
Retail,297,224,78.0,72,3.8725454545454547,1.23079386467907,10.215909507523584,0.3482142857142857,0.24242424242424243
Passenger,341,262,91.0,77,3.845252918287938,1.2124790655921507,9.976083997059307,0.3473282442748092,0.22580645161290322
Parcel,308,230,74.0,69,3.9016371681415927,1.2934167272327737,10.634289581025643,0.3217391304347826,0.22402597402597402
